Gender,Age
Male,34
Female,26
Male,50
Male,37
Male,30
Female,45
Male,46
Male,30
Male,63
Female,52
Male,23
Male,35
Male,22
Male,64
Female,42
Male,19
Female,27
Female,47
Female,62
Male,22
Female,50
Male,18
Female,35
Female,49
Female,64
Female,28
Female,38
Female,43
Female,42
Female,39
Male,44
Male,30
Female,50
Female,51
Female,58
Male,52
Female,18
Male,38
Male,23
Male,45
Male,34
Male,22
Female,48
Female,22
Female,55
Female,20
Female,40
Male,54
Female,54
Female,27
Male,27
Female,36
Male,34
Female,38
Male,31
Female,26
Female,63
Male,18
Male,62
Male,30
Male,21
Male,18
Male,57
Male,49
Male,51
Female,45
Female,48
Male,25
Female,56
Female,43
Female,51
Female,20
Male,29
Female,18
Male,61
Female,22
Female,47
Female,47
Male,34
Female,64
Male,40
Female,32
Male,54
Female,38
Male,31
Male,19
Female,28
Male,56
Female,55
Female,51
Female,55
Female,51
Female,35
Female,47
Female,32
Female,44
Female,51
Female,55
Female,50
Male,41
Male,32
Female,47
Female,59
Female,34
Female,22
Female,46
Female,21
Female,27
Female,34
Male,27
Female,34
Male,37
Female,41
Female,22
Male,51
Female,23
Male,19
Female,30
Female,60
Male,60
Female,28
Male,64
Female,40
Male,33
Male,48
Female,28
Female,33
Male,25
Female,21
Female,57
Female,21
Male,42
Male,20
Male,49
Male,20
Male,44
Male,46
Male,49
Male,36
Male,38
Female,22
Male,35
Female,45
Female,59
Female,39
Male,38
Male,23
Male,18
Male,22
Female,58
Male,29
Male,43
Male,63
Male,51
Male,31
Female,43
Male,62
Female,44
Male,26
Female,43
Male,64
Male,39
Female,64
Female,47
Female,60
Male,34
Female,43
Male,53
Male,18
Female,25
Female,52
Male,32
Male,64
Female,39
Female,31
Female,43
Male,45
Male,40
Male,31
Male,41
Male,19
Male,62
Female,43
Male,31
Male,24
Male,20
Female,64
Male,40
Male,63
Female,60
Male,64
Male,62
Male,35
Male,55
Male,52
Female,32
Female,42
Female,54
Male,45
Male,27
Male,56
Female,34
Male,56
Male,39
Female,43
Male,61
Female,42
Female,34
Female,30
Male,37
Male,42
Male,21
Male,27
Male,20
Male,58
Male,62
Female,35
Male,64
Female,53
Male,64
Male,39
Male,51
Female,64
Female,25
Female,57
Female,61
Male,36
Female,59
Male,58
Male,54
Female,23
Female,43
Female,51
Female,62
Female,23
Female,54
Female,50
Female,39
Male,38
Female,23
Female,23
Male,21
Female,47
Male,28
Male,47
Female,48
Male,41
Male,26
Male,20
Male,48
Female,57
Male,54
Female,53
Male,41
Male,48
Male,23
Male,19
Female,37
Female,45
Male,28
Male,21
Female,32
Male,23
Male,47
Male,55
Female,19
Female,32
Female,28
Male,25
Male,43
Female,62
Female,61
Female,22
Female,23
Male,43
Female,21
Male,36
Female,37
Male,50
Female,37
Female,29
Female,64
Female,18
Male,43
Female,31
Male,55
Male,54
Male,28
Male,53
Female,30
Male,60
Male,20
Male,50
Female,23
Female,27
Female,22
Female,40
Male,27
Male,61
Female,19
Male,30
Male,57
Male,19
Female,37
Female,18
Male,54
Female,26
Female,34
Female,26
Female,28
Female,32
Male,41
Female,55
Male,52
Male,47
Female,48
Male,22
Male,61
Male,31
Female,28
Female,26
Male,51
Female,29
Female,52
Female,52
Female,18
Male,57
Male,39
Female,46
Female,25
Male,28
Male,58
Female,54
Male,31
Female,47
Female,52
Male,38
Male,54
Female,22
Female,36
Male,31
Female,43
Male,21
Female,42
Male,62
Male,59
Male,42
Female,35
Female,57
Male,25
Female,56
Male,57
Male,31
Female,49
Female,55
Male,50
Female,40
Female,32
Male,50
Male,42
Female,34
Male,50
Male,64
Female,19
Male,31
Male,57
Female,57
Female,56
Male,23
Male,23
Female,20
Female,24
Female,25
Female,59
Male,32
Female,64
Female,46
Male,50
Female,47
Male,56
Female,44
Female,53
Female,46
Male,55
Male,50
Female,54
Male,44
Male,50
Male,21
Male,39
Male,19
Male,27
Female,22
Female,27
Male,50
Female,55
Female,30
Female,48
Female,64
Male,53
Female,62
Female,41
Male,32
Male,46
Female,25
Female,22
Female,46
Female,64
Female,21
Female,29
Male,62
Female,19
Female,44
Male,48
Male,53
Male,53
Male,43
Female,60
Female,44
Female,22
Female,37
Female,28
Female,27
Male,57
Female,55
Male,23
Male,25
Female,40
Male,64
Female,43
Male,63
Female,60
Male,29
Female,43
Female,30
Female,57
Female,35
Female,42
Male,50
Male,64
Male,57
Female,60
Male,29
Female,61
Female,53
Male,21
Male,22
Female,54
Male,25
Female,59
Female,45
Female,48
Female,26
Female,46
Male,31
Male,57
Female,58
Female,39
Male,28
Male,40
Female,18
Male,63
Female,54
Male,38
Female,43
Male,63
Female,53
Male,40
Male,18
Female,57
Male,32
Female,38
Male,64
Female,26
Male,26
Female,27
Male,43
Female,58
Male,52
Female,42
Female,43
Female,28
Male,55
Female,19
Male,24
Female,35
Male,44
Female,51
Male,44
Male,34
Female,60
Male,61
Male,41
Female,42
Male,24
Male,23
Male,41
Female,50
Male,46
Female,60
Male,39
Male,43
Male,45
Female,38
Male,24
Male,34
Female,37
Male,58
Female,37
Female,39
Male,45
Female,57
Male,24
Female,18
Female,49
Male,30
Female,47
Female,40
Female,36
Female,49
Female,47
Male,46
Female,62
Male,46
Female,47
Male,33
Male,57
Female,36
Female,35
Female,18
Male,31
Female,64
Male,19
Male,45
Male,47
Female,55
Female,21
Male,18
Male,25
Female,46
Male,56
Female,20
Male,49
Female,27
Male,27
Female,36
Male,63
Female,51
Female,50
Male,40
Male,45
Female,49
Male,24
Female,46
Male,25
Female,18
Female,20
Female,41
Female,40
Female,25
Female,64
Male,54
Male,20
Male,50
Female,45
Female,64
Female,25
Female,51
Male,52
Male,49
Female,41
Male,31
Male,49
Female,63
Male,60
Female,33
Male,21
Female,54
Female,38
Female,31
Female,48
Male,35
Female,24
Female,27
Female,24
Male,50
Female,40
Male,38
Female,36
Male,36
Male,53
Female,46
Male,35
Female,19
Female,18
Female,64
Male,22
Male,37
Female,28
Female,59
Male,19
Female,20
Female,40
Female,29
Male,37
Male,22
Male,54
Female,55
Female,47
Female,26
Male,51
Female,61
Female,52
Female,39
Female,61
Male,41
Male,34
Female,27
Male,47
Male,63
Female,40
Female,49
Male,34
Female,34
Male,31
Female,26
Male,57
Female,19
Male,62
Male,42
Male,56
Female,26
Male,39
Male,60
Female,63
Female,21
Male,43
Male,46
Female,62
Female,51
Female,40
Female,54
Female,28
Male,23
Female,35
Male,38
Male,59
Male,53
Female,58
Male,55
Male,51
Female,34
Male,54
Male,42
Female,55
Male,29
Male,40
Male,59
Female,39
Female,38
Female,44
Male,48
Male,23
Female,44
Male,57
Male,51
Female,29
Female,62
Male,24
Male,27
Male,62
Female,34
Female,43
Female,38
Female,45
Male,63
Female,19
Female,60
Female,18
Female,53
Female,43
Male,46
Male,38
Female,28
Male,57
Female,28
Female,53
Male,56
Male,57
Female,52
Female,51
Female,64
Male,41
Female,39
Female,22
Female,50
Male,53
Female,64
Female,37
Male,36
Female,52
Female,60
Male,34
Female,62
Male,60
Male,51
Female,26
Female,43
Female,19
Female,26
Male,26
Female,57
Male,34
Female,18
Female,42
Female,60
Male,57
Female,59
Female,42
Female,56
Female,52
Male,20
Female,54
Male,61
Male,61
Male,47
Male,55
Male,51
Male,29
Female,36
Male,54
Male,61
Male,34
Female,27
Female,64
Male,29
Female,33
Male,41
Male,36
Female,25
Male,48
Female,38
Female,34
Male,40
Male,54
Female,33
Male,23
Male,25
Male,42
Female,35
Female,42
Male,29
Female,32
Female,43
Female,58
Female,62
Female,43
Male,64
Male,49
Male,27
Female,33
Female,24
Male,34
Female,40
Male,43
Male,38
Male,39
Female,24
Female,31
Male,32
Male,24
Male,26
Male,25
Female,40
Female,46
Male,35
Male,48
Female,47
Female,56
Male,52
Male,35
Male,59
Female,56
Female,34
Female,31
Male,48
Male,41
Female,52
Female,61
Male,62
Female,51
Female,20
Male,54
Female,60
Male,57
Male,43
Male,40
Male,61
Male,56
Male,32
Male,21
Female,46
Male,39
Male,42
Female,30
Female,35
Female,50
Male,33
Female,62
Male,59
Male,61
Male,19
Male,52
Female,59
Female,51
Male,47
Male,30
Male,30
Female,35
Male,49
Male,49
Female,52
Female,56
Male,63
Female,46
Female,46
Male,61
Female,33
Male,61
Female,64
Male,27
Male,47
Male,42
Female,56
Male,37
Female,22
Male,18
Male,47
Female,20
Male,62
Male,31
Female,47
Male,21
Male,35
Male,54
Male,42
Female,18
Female,63
Male,32
Female,26
Male,32
Female,41
Male,21
Male,29
Male,54
Male,54
Male,60
Male,23
Female,56
Male,63
Female,41
Male,28
Female,30
Female,51
Female,42
Male,24
Male,21
Female,25
Male,37
Female,46
Male,62
Female,63
Female,27
Male,60
Female,51
Male,43
Female,58
Female,20
Male,23
Male,22
Male,22
Female,64
Male,40
Female,26
Female,52
Male,37
Male,59
Female,52
Female,35
Male,34
Male,41
Male,20
Male,49
Male,52
Female,55
Female,30
Female,64
Female,42
Male,26
Male,21
Male,31
Female,54
Female,51
Male,28
Male,58
Female,20
Female,45
Male,46
Male,26
Female,20
Male,42
Male,51
Male,29
Female,59
Female,26
Female,32
Female,57
Female,42
Female,22
Female,28
Male,51
Male,41
Male,32
Male,55
Male,25
Male,22
Male,43
Female,35
Female,23
Male,54
Male,30
Female,45
Male,22
Male,30
Female,34
Male,57
Female,62
Male,49
Female,46
Female,20
Female,57
Male,51
Female,57
Male,44
Male,30
Male,62
Male,50
Female,23
Female,41
Male,36
Male,33
Female,57
Male,45
Female,50
Male,58
Male,30
Female,60
Male,62
Female,42
Male,59
Male,53
Male,44
Female,55
Male,24
Male,22
Male,60
Male,62
Female,48
Female,40
Male,59
Female,27
Male,49
Male,60
Male,47
Female,56
Female,48
Female,35
Female,53
Female,19
Female,31
Female,30
Female,46
Female,29
Male,56
Female,19
Female,49
Female,30
Female,63
Female,44
Female,58
Female,34
Female,57
Female,48
Female,51
Female,41
Male,62
Male,52
Female,23
Female,36
Male,47
